UserID,proportion_@,proportion_http,proportion_#,similarite_moyenne_tweets,temps_moyen_entre_tweets,temps_max_entre_tweets
28972226,0.0,0.09,0.0,0.17586884996337704,64860.0,64860.0
28985607,0.021968911917098446,0.022227979274611398,0.000310880829015544,0.035753994596603604,127170.3125,5882040.0
29016250,0.0,0.051500000000000004,0.0084,0.10453434438758653,14321.608040201005,297600.0
29023443,0.0,0.08735,0.0,0.05504664502299051,1916.0804020100504,33600.0
29042744,0.0007000000000000001,0.1332,0.0017000000000000001,0.043382488473638514,52449.94974874372,205320.0
29044304,0.02837837837837838,0.10108108108108109,0.006486486486486486,0.05682204248462133,16771.666666666668,111780.0
